{"cameraMode":{"drawMode":0,"name":"Shaded","section":"Shading Mode"},"sceneLighting":true,"audioPlay":false,"sceneViewState":{"showFog":true,"showMaterialUpdate":false,"showSkybox":true,"showFlares":true,"showImageEffects":true,"showParticleSystems":true},"in2DMode":false,"pivot":{"x":590.0814208984375,"y":-149.15557861328126,"z":628.1455688476563},"rotation":{"x":0.013796347193419934,"y":0.043167371302843097,"z":-0.000571724958717823,"w":0.9990149140357971},"size":1068.93896484375,"orthographic":false}