{"cameraMode":{"drawMode":0,"name":"Shaded","section":"Shading Mode"},"sceneLighting":true,"audioPlay":false,"sceneViewState":{"showFog":true,"showMaterialUpdate":false,"showSkybox":true,"showFlares":true,"showImageEffects":true,"showParticleSystems":true},"in2DMode":false,"pivot":{"x":6001.13037109375,"y":699.952880859375,"z":-4996.2724609375},"rotation":{"x":0.03874453902244568,"y":0.7539111971855164,"z":-0.04420314356684685,"w":0.6545127034187317},"size":23952.626953125,"orthographic":false}