{"cameraMode":{"drawMode":0,"name":"Shaded","section":"Shading Mode"},"sceneLighting":true,"audioPlay":false,"sceneViewState":{"showFog":true,"showMaterialUpdate":false,"showSkybox":true,"showFlares":true,"showImageEffects":true,"showParticleSystems":true},"in2DMode":false,"pivot":{"x":5911.6806640625,"y":4135.0576171875,"z":-7745.16259765625},"rotation":{"x":-0.08564579486846924,"y":0.8271946310997009,"z":-0.13178522884845735,"w":-0.5396981239318848},"size":21077.755859375,"orthographic":false}